{"epoch_index": 9, "train_loss": [0.5410663150250908, 0.3959164942304293, 0.3355413029591242, 0.299666636933883, 0.2751076084872087, 0.2564147729426622, 0.24168075509369374, 0.22946509333948292, 0.21921803193787734, 0.2104117734978596], "train_acc": [81.75000000000003, 87.78888888888892, 89.52222222222225, 90.49722222222223, 91.29999999999998, 91.85833333333336, 92.25833333333333, 92.67499999999997, 92.94722222222222, 93.28055555555554], "val_loss": [0.4488089710474013, 0.37351588606834407, 0.33548048237959543, 0.3133666356404622, 0.2980676467219988, 0.28732973386844, 0.2800454646348954, 0.27411039918661123, 0.27010603497425717, 0.2671776453653972], "val_acc": [85.9, 87.94444444444444, 88.63333333333333, 89.04444444444444, 89.45555555555553, 89.63333333333331, 89.93333333333332, 90.03333333333335, 89.93333333333334, 89.92222222222222], "test_loss": 0.27019393164664507, "test_acc": 89.39583333333333, "model_filename": "classifier_model", "stop_early": false}