{"epoch_index": 0, "train_loss": [0.5410663150250908], "train_acc": [81.75000000000003], "val_loss": [0.4488089710474013], "val_acc": [85.9], "test_loss": 0.44798974320292473, "test_acc": 85.62499999999999, "model_filename": "single_layer_perceptron", "stop_early": false}